timestamp,ambient_temperature,humidity
2024-01-15T06:00:00,2.3,78.5
2024-01-15T06:15:00,2.5,78.2
2024-01-15T06:30:00,2.8,77.9
2024-01-15T06:45:00,3.1,77.4
2024-01-15T07:00:00,3.6,76.8
2024-01-15T07:15:00,4.2,76.1
2024-01-15T07:30:00,5.0,75.3
2024-01-15T07:45:00,5.8,74.5
2024-01-15T08:00:00,6.7,73.6
2024-01-15T08:15:00,7.5,72.8
2024-01-15T08:30:00,8.3,72.0
2024-01-15T08:45:00,9.0,71.2
2024-01-15T09:00:00,9.8,70.5
2024-01-15T09:15:00,10.5,69.8
2024-01-15T09:30:00,11.2,69.1
2024-01-15T09:45:00,11.8,68.5
2024-01-15T10:00:00,12.3,67.9
2024-01-15T10:15:00,12.8,67.4
2024-01-15T10:30:00,13.2,66.8
2024-01-15T10:45:00,13.5,66.3
2024-01-15T11:00:00,13.8,65.8
2024-01-15T11:15:00,14.0,65.4
2024-01-15T11:30:00,14.2,65.0
2024-01-15T11:45:00,14.3,64.7
2024-01-15T12:00:00,14.5,64.4
2024-01-15T12:15:00,14.6,64.2
2024-01-15T12:30:00,14.7,64.0
2024-01-15T12:45:00,14.7,63.8
2024-01-15T13:00:00,14.8,63.7
2024-01-15T13:15:00,14.7,63.8
2024-01-15T13:30:00,14.6,64.0
2024-01-15T13:45:00,14.4,64.3
2024-01-15T14:00:00,14.2,64.6
2024-01-15T14:15:00,13.9,65.0
2024-01-15T14:30:00,13.6,65.4
2024-01-15T14:45:00,13.2,65.8
2024-01-15T15:00:00,12.8,66.3
2024-01-15T15:15:00,12.3,66.9
2024-01-15T15:30:00,11.8,67.5
2024-01-15T15:45:00,11.2,68.2
2024-01-15T16:00:00,10.6,68.9
2024-01-15T16:15:00,10.0,69.6
2024-01-15T16:30:00,9.4,70.3
2024-01-15T16:45:00,8.8,71.0
2024-01-15T17:00:00,8.1,71.7
2024-01-15T17:15:00,7.5,72.4
2024-01-15T17:30:00,6.8,73.1
2024-01-15T17:45:00,6.2,73.8
2024-01-15T18:00:00,5.5,74.5
2024-01-15T18:15:00,4.9,75.1
2024-01-15T18:30:00,4.3,75.7
2024-01-15T18:45:00,3.8,76.2
2024-01-15T19:00:00,3.3,76.7
2024-01-15T19:15:00,2.9,77.1
2024-01-15T19:30:00,2.5,77.5
2024-01-15T19:45:00,2.2,77.8
2024-01-15T20:00:00,1.9,78.1
2024-01-15T20:15:00,1.7,78.3
2024-01-15T20:30:00,1.5,78.5
2024-01-15T20:45:00,1.3,78.7
2024-01-15T21:00:00,1.2,78.8
99999-01-01T00:00:00,999,200
2024-01-15T21:30:00,1.1,78.9
2024-01-15T22:00:00,1.0,79.0
