timestamp,water_temperature
2024-01-15T06:00:00,8.2
2024-01-15T06:15:00,8.1
2024-01-15T06:30:00,8.0
2024-01-15T06:45:00,7.9
2024-01-15T07:00:00,7.8
2024-01-15T07:15:00,7.7
2024-01-15T07:30:00,7.6
2024-01-15T07:45:00,7.6
2024-01-15T08:00:00,7.5
2024-01-15T08:15:00,7.5
2024-01-15T08:30:00,7.4
2024-01-15T08:45:00,7.4
2024-01-15T09:00:00,7.3
2024-01-15T09:15:00,7.3
2024-01-15T09:30:00,7.2
2024-01-15T09:45:00,7.2
2024-01-15T10:00:00,7.2
2024-01-15T10:15:00,7.1
2024-01-15T10:30:00,7.1
2024-01-15T10:45:00,7.1
2024-01-15T11:00:00,7.0
2024-01-15T11:15:00,7.0
2024-01-15T11:30:00,7.0
2024-01-15T11:45:00,7.0
2024-01-15T12:00:00,7.0
2024-01-15T12:15:00,7.0
2024-01-15T12:30:00,7.0
2024-01-15T12:45:00,7.0
2024-01-15T13:00:00,7.0
2024-01-15T13:15:00,7.0
2024-01-15T13:30:00,7.1
2024-01-15T13:45:00,7.1
2024-01-15T14:00:00,7.1
2024-01-15T14:15:00,7.2
2024-01-15T14:30:00,7.2
2024-01-15T14:45:00,7.2
2024-01-15T15:00:00,7.3
2024-01-15T15:15:00,7.3
2024-01-15T15:30:00,7.3
2024-01-15T15:45:00,7.4
2024-01-15T16:00:00,7.4
2024-01-15T16:15:00,7.4
2024-01-15T16:30:00,7.5
2024-01-15T16:45:00,7.5
2024-01-15T17:00:00,7.5
2024-01-15T17:15:00,7.6
2024-01-15T17:30:00,7.6
2024-01-15T17:45:00,7.7
2024-01-15T18:00:00,7.7
2024-01-15T18:15:00,7.7
2024-01-15T18:30:00,7.8
2024-01-15T18:45:00,7.8
2024-01-15T19:00:00,7.9
2024-01-15T19:15:00,7.9
2024-01-15T19:30:00,8.0
2024-01-15T19:45:00,8.0
2024-01-15T20:00:00,8.0
2024-01-15T20:15:00,8.1
2024-01-15T20:30:00,8.1
2024-01-15T20:45:00,8.1
2024-01-15T21:00:00,8.2
2024-01-15T21:15:00,8.2
2024-01-15T21:30:00,8.2
2024-01-15T22:00:00,8.3
